item,affect_valence,utterance,utterance_prob,halo,goal,state
electric kettle,0,50,0.15081095462840535,exact,affect,0
electric kettle,0,51,0.03137549255710292,exact,affect,0
electric kettle,0,500,0.18420091594390245,exact,affect,0
electric kettle,0,501,0.03140688374263686,exact,affect,0
electric kettle,0,1000,0.2035734953840978,exact,affect,0
electric kettle,0,1001,0.03044820661492499,exact,affect,0
electric kettle,0,5000,0.15385753800261334,exact,affect,0
electric kettle,0,5001,0.005618288591026146,exact,affect,0
electric kettle,0,10000,0.2035734953840978,exact,affect,0
electric kettle,0,10001,0.0051347291511923444,exact,affect,0
electric kettle,1,50,0.1629888536240517,exact,affect,0
electric kettle,1,51,0.027762378583011893,exact,affect,0
electric kettle,1,500,0.1713454708464281,exact,affect,0
electric kettle,1,501,0.02832321583271884,exact,affect,0
electric kettle,1,1000,0.17833821216603013,exact,affect,0
electric kettle,1,1001,0.022503746710049573,exact,affect,0
electric kettle,1,5000,0.17833821216603013,exact,affect,0
electric kettle,1,5001,0.022279830689017965,exact,affect,0
electric kettle,1,10000,0.1856163326726122,exact,affect,0
electric kettle,1,10001,0.022503746710049573,exact,affect,0
laptop,0,50,0.1507956091657309,exact,affect,0
laptop,0,51,0.03106014040677666,exact,affect,0
laptop,0,500,0.18418217295346676,exact,affect,0
laptop,0,501,0.02568546681094726,exact,affect,0
laptop,0,1000,0.18418217295346676,exact,affect,0
laptop,0,1001,0.02620434765974116,exact,affect,0
laptop,0,5000,0.18418217295346676,exact,affect,0
laptop,0,5001,0.0045993975991448326,exact,affect,0
laptop,0,10000,0.18418217295346676,exact,affect,0
laptop,0,10001,0.024926346543792215,exact,affect,0
laptop,1,50,0.13976227619549458,exact,affect,0
laptop,1,51,0.028787548564705053,exact,affect,0
laptop,1,500,0.175904802207416,exact,affect,0
laptop,1,501,0.02907686823772395,exact,affect,0
laptop,1,1000,0.18126190097882827,exact,affect,0
laptop,1,1001,0.023102548870433573,exact,affect,0
laptop,1,5000,0.18126190097882836,exact,affect,0
laptop,1,5001,0.02333473334665159,exact,affect,0
laptop,1,10000,0.19440487174948506,exact,affect,0
laptop,1,10001,0.023102548870433573,exact,affect,0
watch,0,50,0.1602311142443061,exact,affect,0
watch,0,51,0.03267522799112477,exact,affect,0
watch,0,500,0.16023111424430617,exact,affect,0
watch,0,501,0.027292644592058303,exact,affect,0
watch,0,1000,0.19966026297591802,exact,affect,0
watch,0,1001,0.02784399258569187,exact,affect,0
watch,0,5000,0.16023111424430617,exact,affect,0
watch,0,5001,0.026486025043089827,exact,affect,0
watch,0,10000,0.17886247903610905,exact,affect,0
watch,0,10001,0.026486025043089827,exact,affect,0
watch,1,50,0.13947143909612078,exact,affect,0
watch,1,51,0.02844179853712753,exact,affect,0
watch,1,500,0.17379211483921123,exact,affect,0
watch,1,501,0.028158797913210448,exact,affect,0
watch,1,1000,0.1901588627678075,exact,affect,0
watch,1,1001,0.028158797913210448,exact,affect,0
watch,1,5000,0.17730294844504713,exact,affect,0
watch,1,5001,0.02328617513519467,exact,affect,0
watch,1,10000,0.19015886276780758,exact,affect,0
watch,1,10001,0.021070202585262706,exact,affect,0
electric kettle,0,50,0.4508530603792838,exact,state,50
electric kettle,0,51,0.06101632662452401,exact,state,50
electric kettle,0,500,0.06101632662452401,exact,state,50
electric kettle,0,501,0.06101632662452401,exact,state,50
electric kettle,0,1000,0.06101632662452401,exact,state,50
electric kettle,0,1001,0.06101632662452401,exact,state,50
electric kettle,0,5000,0.06101632662452401,exact,state,50
electric kettle,0,5001,0.06101632662452401,exact,state,50
electric kettle,0,10000,0.06101632662452401,exact,state,50
electric kettle,0,10001,0.06101632662452401,exact,state,50
electric kettle,0,50,0.22542805730428223,exact,state,51
electric kettle,0,51,0.37166803309017754,exact,state,51
electric kettle,0,500,0.05029979852825391,exact,state,51
electric kettle,0,501,0.05080531990776285,exact,state,51
electric kettle,0,1000,0.05029979852825391,exact,state,51
electric kettle,0,1001,0.05029979852825391,exact,state,51
electric kettle,0,5000,0.05029979852825391,exact,state,51
electric kettle,0,5001,0.05029979852825391,exact,state,51
electric kettle,0,10000,0.05029979852825391,exact,state,51
electric kettle,0,10001,0.05029979852825391,exact,state,51
electric kettle,0,50,0.06101632662452401,exact,state,500
electric kettle,0,51,0.06101632662452401,exact,state,500
electric kettle,0,500,0.4508530603792838,exact,state,500
electric kettle,0,501,0.06101632662452401,exact,state,500
electric kettle,0,1000,0.06101632662452401,exact,state,500
electric kettle,0,1001,0.06101632662452401,exact,state,500
electric kettle,0,5000,0.06101632662452401,exact,state,500
electric kettle,0,5001,0.06101632662452401,exact,state,500
electric kettle,0,10000,0.06101632662452401,exact,state,500
electric kettle,0,10001,0.06101632662452401,exact,state,500
electric kettle,0,50,0.04664461155710105,exact,state,501
electric kettle,0,51,0.04664461155710105,exact,state,501
electric kettle,0,500,0.28218345603494316,exact,state,501
electric kettle,0,501,0.34465965150824857,exact,state,501
electric kettle,0,1000,0.04664461155710105,exact,state,501
electric kettle,0,1001,0.04664461155710105,exact,state,501
electric kettle,0,5000,0.04664461155710105,exact,state,501
electric kettle,0,5001,0.04664461155710105,exact,state,501
electric kettle,0,10000,0.04664461155710105,exact,state,501
electric kettle,0,10001,0.04664461155710105,exact,state,501
electric kettle,0,50,0.06101632662452401,exact,state,1000
electric kettle,0,51,0.06101632662452401,exact,state,1000
electric kettle,0,500,0.06101632662452401,exact,state,1000
electric kettle,0,501,0.06101632662452401,exact,state,1000
electric kettle,0,1000,0.4508530603792838,exact,state,1000
electric kettle,0,1001,0.06101632662452401,exact,state,1000
electric kettle,0,5000,0.06101632662452401,exact,state,1000
electric kettle,0,5001,0.06101632662452401,exact,state,1000
electric kettle,0,10000,0.06101632662452401,exact,state,1000
electric kettle,0,10001,0.06101632662452401,exact,state,1000
electric kettle,0,50,0.06101632662452401,exact,state,1001
electric kettle,0,51,0.06101632662452401,exact,state,1001
electric kettle,0,500,0.06101632662452401,exact,state,1001
electric kettle,0,501,0.06101632662452401,exact,state,1001
electric kettle,0,1000,0.06101632662452401,exact,state,1001
electric kettle,0,1001,0.4508530603792838,exact,state,1001
electric kettle,0,5000,0.06101632662452401,exact,state,1001
electric kettle,0,5001,0.06101632662452401,exact,state,1001
electric kettle,0,10000,0.06101632662452401,exact,state,1001
electric kettle,0,10001,0.06101632662452401,exact,state,1001
electric kettle,0,50,0.06101632662452401,exact,state,5000
electric kettle,0,51,0.06101632662452401,exact,state,5000
electric kettle,0,500,0.06101632662452401,exact,state,5000
electric kettle,0,501,0.06101632662452401,exact,state,5000
electric kettle,0,1000,0.06101632662452401,exact,state,5000
electric kettle,0,1001,0.06101632662452401,exact,state,5000
electric kettle,0,5000,0.4508530603792838,exact,state,5000
electric kettle,0,5001,0.06101632662452401,exact,state,5000
electric kettle,0,10000,0.06101632662452401,exact,state,5000
electric kettle,0,10001,0.06101632662452401,exact,state,5000
electric kettle,0,50,0.06101632662452401,exact,state,5001
electric kettle,0,51,0.06101632662452401,exact,state,5001
electric kettle,0,500,0.06101632662452401,exact,state,5001
electric kettle,0,501,0.06101632662452401,exact,state,5001
electric kettle,0,1000,0.06101632662452401,exact,state,5001
electric kettle,0,1001,0.06101632662452401,exact,state,5001
electric kettle,0,5000,0.06101632662452401,exact,state,5001
electric kettle,0,5001,0.4508530603792838,exact,state,5001
electric kettle,0,10000,0.06101632662452401,exact,state,5001
electric kettle,0,10001,0.06101632662452401,exact,state,5001
electric kettle,0,50,0.06101632662452401,exact,state,10000
electric kettle,0,51,0.06101632662452401,exact,state,10000
electric kettle,0,500,0.06101632662452401,exact,state,10000
electric kettle,0,501,0.06101632662452401,exact,state,10000
electric kettle,0,1000,0.06101632662452401,exact,state,10000
electric kettle,0,1001,0.06101632662452401,exact,state,10000
electric kettle,0,5000,0.06101632662452401,exact,state,10000
electric kettle,0,5001,0.06101632662452401,exact,state,10000
electric kettle,0,10000,0.4508530603792838,exact,state,10000
electric kettle,0,10001,0.06101632662452401,exact,state,10000
electric kettle,0,50,0.06101632662452401,exact,state,10001
electric kettle,0,51,0.06101632662452401,exact,state,10001
electric kettle,0,500,0.06101632662452401,exact,state,10001
electric kettle,0,501,0.06101632662452401,exact,state,10001
electric kettle,0,1000,0.06101632662452401,exact,state,10001
electric kettle,0,1001,0.06101632662452401,exact,state,10001
electric kettle,0,5000,0.06101632662452401,exact,state,10001
electric kettle,0,5001,0.06101632662452401,exact,state,10001
electric kettle,0,10000,0.06101632662452401,exact,state,10001
electric kettle,0,10001,0.4508530603792838,exact,state,10001
laptop,0,50,0.4508530603792838,exact,state,50
laptop,0,51,0.06101632662452401,exact,state,50
laptop,0,500,0.06101632662452401,exact,state,50
laptop,0,501,0.06101632662452401,exact,state,50
laptop,0,1000,0.06101632662452401,exact,state,50
laptop,0,1001,0.06101632662452401,exact,state,50
laptop,0,5000,0.06101632662452401,exact,state,50
laptop,0,5001,0.06101632662452401,exact,state,50
laptop,0,10000,0.06101632662452401,exact,state,50
laptop,0,10001,0.06101632662452401,exact,state,50
laptop,0,50,0.22554207364448828,exact,state,51
laptop,0,51,0.37185601425548265,exact,state,51
laptop,0,500,0.05032523901250363,exact,state,51
laptop,0,501,0.05032523901250363,exact,state,51
laptop,0,1000,0.05032523901250363,exact,state,51
laptop,0,1001,0.05032523901250363,exact,state,51
laptop,0,5000,0.05032523901250363,exact,state,51
laptop,0,5001,0.05032523901250363,exact,state,51
laptop,0,10000,0.05032523901250363,exact,state,51
laptop,0,10001,0.05032523901250363,exact,state,51
laptop,0,50,0.06101632662452401,exact,state,500
laptop,0,51,0.06101632662452401,exact,state,500
laptop,0,500,0.4508530603792838,exact,state,500
laptop,0,501,0.06101632662452401,exact,state,500
laptop,0,1000,0.06101632662452401,exact,state,500
laptop,0,1001,0.06101632662452401,exact,state,500
laptop,0,5000,0.06101632662452401,exact,state,500
laptop,0,5001,0.06101632662452401,exact,state,500
laptop,0,10000,0.06101632662452401,exact,state,500
laptop,0,10001,0.06101632662452401,exact,state,500
laptop,0,50,0.04664461155710105,exact,state,501
laptop,0,51,0.04664461155710105,exact,state,501
laptop,0,500,0.28218345603494316,exact,state,501
laptop,0,501,0.34465965150824857,exact,state,501
laptop,0,1000,0.04664461155710105,exact,state,501
laptop,0,1001,0.04664461155710105,exact,state,501
laptop,0,5000,0.04664461155710105,exact,state,501
laptop,0,5001,0.04664461155710105,exact,state,501
laptop,0,10000,0.04664461155710105,exact,state,501
laptop,0,10001,0.04664461155710105,exact,state,501
laptop,0,50,0.06101632662452401,exact,state,1000
laptop,0,51,0.06101632662452401,exact,state,1000
laptop,0,500,0.06101632662452401,exact,state,1000
laptop,0,501,0.06101632662452401,exact,state,1000
laptop,0,1000,0.4508530603792838,exact,state,1000
laptop,0,1001,0.06101632662452401,exact,state,1000
laptop,0,5000,0.06101632662452401,exact,state,1000
laptop,0,5001,0.06101632662452401,exact,state,1000
laptop,0,10000,0.06101632662452401,exact,state,1000
laptop,0,10001,0.06101632662452401,exact,state,1000
laptop,0,50,0.05677109720098391,exact,state,1001
laptop,0,51,0.05677109720098391,exact,state,1001
laptop,0,500,0.05677109720098391,exact,state,1001
laptop,0,501,0.05677109720098391,exact,state,1001
laptop,0,1000,0.1263464003762139,exact,state,1001
laptop,0,1001,0.41948482201591497,exact,state,1001
laptop,0,5000,0.05677109720098391,exact,state,1001
laptop,0,5001,0.05677109720098391,exact,state,1001
laptop,0,10000,0.05677109720098391,exact,state,1001
laptop,0,10001,0.05677109720098391,exact,state,1001
laptop,0,50,0.06101632662452401,exact,state,5000
laptop,0,51,0.06101632662452401,exact,state,5000
laptop,0,500,0.06101632662452401,exact,state,5000
laptop,0,501,0.06101632662452401,exact,state,5000
laptop,0,1000,0.06101632662452401,exact,state,5000
laptop,0,1001,0.06101632662452401,exact,state,5000
laptop,0,5000,0.4508530603792838,exact,state,5000
laptop,0,5001,0.06101632662452401,exact,state,5000
laptop,0,10000,0.06101632662452401,exact,state,5000
laptop,0,10001,0.06101632662452401,exact,state,5000
laptop,0,50,0.04793173717522433,exact,state,5001
laptop,0,51,0.04793173717522433,exact,state,5001
laptop,0,500,0.04793173717522433,exact,state,5001
laptop,0,501,0.04793173717522433,exact,state,5001
laptop,0,1000,0.04793173717522433,exact,state,5001
laptop,0,1001,0.04793173717522433,exact,state,5001
laptop,0,5000,0.26237580769127294,exact,state,5001
laptop,0,5001,0.3541702949069323,exact,state,5001
laptop,0,10000,0.04793173717522433,exact,state,5001
laptop,0,10001,0.04793173717522433,exact,state,5001
laptop,0,50,0.06101632662452401,exact,state,10000
laptop,0,51,0.06101632662452401,exact,state,10000
laptop,0,500,0.06101632662452401,exact,state,10000
laptop,0,501,0.06101632662452401,exact,state,10000
laptop,0,1000,0.06101632662452401,exact,state,10000
laptop,0,1001,0.06101632662452401,exact,state,10000
laptop,0,5000,0.06101632662452401,exact,state,10000
laptop,0,5001,0.06101632662452401,exact,state,10000
laptop,0,10000,0.4508530603792838,exact,state,10000
laptop,0,10001,0.06101632662452401,exact,state,10000
laptop,0,50,0.06101632662452401,exact,state,10001
laptop,0,51,0.06101632662452401,exact,state,10001
laptop,0,500,0.06101632662452401,exact,state,10001
laptop,0,501,0.06101632662452401,exact,state,10001
laptop,0,1000,0.06101632662452401,exact,state,10001
laptop,0,1001,0.06101632662452401,exact,state,10001
laptop,0,5000,0.06101632662452401,exact,state,10001
laptop,0,5001,0.06101632662452401,exact,state,10001
laptop,0,10000,0.06101632662452401,exact,state,10001
laptop,0,10001,0.4508530603792838,exact,state,10001
watch,0,50,0.4508530603792838,exact,state,50
watch,0,51,0.06101632662452401,exact,state,50
watch,0,500,0.06101632662452401,exact,state,50
watch,0,501,0.06101632662452401,exact,state,50
watch,0,1000,0.06101632662452401,exact,state,50
watch,0,1001,0.06101632662452401,exact,state,50
watch,0,5000,0.06101632662452401,exact,state,50
watch,0,5001,0.06101632662452401,exact,state,50
watch,0,10000,0.06101632662452401,exact,state,50
watch,0,10001,0.06101632662452401,exact,state,50
watch,0,50,0.2085551616439781,exact,state,51
watch,0,51,0.3800122809499741,exact,state,51
watch,0,500,0.05142906967575598,exact,state,51
watch,0,501,0.05142906967575598,exact,state,51
watch,0,1000,0.05142906967575598,exact,state,51
watch,0,1001,0.05142906967575598,exact,state,51
watch,0,5000,0.05142906967575598,exact,state,51
watch,0,5001,0.05142906967575598,exact,state,51
watch,0,10000,0.05142906967575598,exact,state,51
watch,0,10001,0.05142906967575598,exact,state,51
watch,0,50,0.06101632662452401,exact,state,500
watch,0,51,0.06101632662452401,exact,state,500
watch,0,500,0.4508530603792838,exact,state,500
watch,0,501,0.06101632662452401,exact,state,500
watch,0,1000,0.06101632662452401,exact,state,500
watch,0,1001,0.06101632662452401,exact,state,500
watch,0,5000,0.06101632662452401,exact,state,500
watch,0,5001,0.06101632662452401,exact,state,500
watch,0,10000,0.06101632662452401,exact,state,500
watch,0,10001,0.06101632662452401,exact,state,500
watch,0,50,0.04664461155710105,exact,state,501
watch,0,51,0.04664461155710105,exact,state,501
watch,0,500,0.28218345603494316,exact,state,501
watch,0,501,0.34465965150824857,exact,state,501
watch,0,1000,0.04664461155710105,exact,state,501
watch,0,1001,0.04664461155710105,exact,state,501
watch,0,5000,0.04664461155710105,exact,state,501
watch,0,5001,0.04664461155710105,exact,state,501
watch,0,10000,0.04664461155710105,exact,state,501
watch,0,10001,0.04664461155710105,exact,state,501
watch,0,50,0.06101632662452401,exact,state,1000
watch,0,51,0.06101632662452401,exact,state,1000
watch,0,500,0.06101632662452401,exact,state,1000
watch,0,501,0.06101632662452401,exact,state,1000
watch,0,1000,0.4508530603792838,exact,state,1000
watch,0,1001,0.06101632662452401,exact,state,1000
watch,0,5000,0.06101632662452401,exact,state,1000
watch,0,5001,0.06101632662452401,exact,state,1000
watch,0,10000,0.06101632662452401,exact,state,1000
watch,0,10001,0.06101632662452401,exact,state,1000
watch,0,50,0.06097893286248044,exact,state,1001
watch,0,51,0.06097893286248044,exact,state,1001
watch,0,500,0.06097893286248044,exact,state,1001
watch,0,501,0.06097893286248044,exact,state,1001
watch,0,1000,0.06159178132636263,exact,state,1001
watch,0,1001,0.4505767557737938,exact,state,1001
watch,0,5000,0.06097893286248044,exact,state,1001
watch,0,5001,0.06097893286248044,exact,state,1001
watch,0,10000,0.06097893286248044,exact,state,1001
watch,0,10001,0.06097893286248044,exact,state,1001
watch,0,50,0.06101632662452401,exact,state,5000
watch,0,51,0.06101632662452401,exact,state,5000
watch,0,500,0.06101632662452401,exact,state,5000
watch,0,501,0.06101632662452401,exact,state,5000
watch,0,1000,0.06101632662452401,exact,state,5000
watch,0,1001,0.06101632662452401,exact,state,5000
watch,0,5000,0.4508530603792838,exact,state,5000
watch,0,5001,0.06101632662452401,exact,state,5000
watch,0,10000,0.06101632662452401,exact,state,5000
watch,0,10001,0.06101632662452401,exact,state,5000
watch,0,50,0.04664461155710105,exact,state,5001
watch,0,51,0.04664461155710105,exact,state,5001
watch,0,500,0.04664461155710105,exact,state,5001
watch,0,501,0.04664461155710105,exact,state,5001
watch,0,1000,0.04664461155710105,exact,state,5001
watch,0,1001,0.04664461155710105,exact,state,5001
watch,0,5000,0.28218345603494316,exact,state,5001
watch,0,5001,0.34465965150824857,exact,state,5001
watch,0,10000,0.04664461155710105,exact,state,5001
watch,0,10001,0.04664461155710105,exact,state,5001
watch,0,50,0.06101632662452401,exact,state,10000
watch,0,51,0.06101632662452401,exact,state,10000
watch,0,500,0.06101632662452401,exact,state,10000
watch,0,501,0.06101632662452401,exact,state,10000
watch,0,1000,0.06101632662452401,exact,state,10000
watch,0,1001,0.06101632662452401,exact,state,10000
watch,0,5000,0.06101632662452401,exact,state,10000
watch,0,5001,0.06101632662452401,exact,state,10000
watch,0,10000,0.4508530603792838,exact,state,10000
watch,0,10001,0.06101632662452401,exact,state,10000
watch,0,50,0.06101632662452401,exact,state,10001
watch,0,51,0.06101632662452401,exact,state,10001
watch,0,500,0.06101632662452401,exact,state,10001
watch,0,501,0.06101632662452401,exact,state,10001
watch,0,1000,0.06101632662452401,exact,state,10001
watch,0,1001,0.06101632662452401,exact,state,10001
watch,0,5000,0.06101632662452401,exact,state,10001
watch,0,5001,0.06101632662452401,exact,state,10001
watch,0,10000,0.06101632662452401,exact,state,10001
watch,0,10001,0.4508530603792838,exact,state,10001
electric kettle,0,50,0.45864594464519726,fuzzy,state,50
electric kettle,0,51,0.45864594464519726,fuzzy,state,50
electric kettle,0,500,0.010678993099118158,fuzzy,state,50
electric kettle,0,501,0.010467534868007613,fuzzy,state,50
electric kettle,0,1000,0.010260263790413265,fuzzy,state,50
electric kettle,0,1001,0.010260263790413265,fuzzy,state,50
electric kettle,0,5000,0.010260263790413265,fuzzy,state,50
electric kettle,0,5001,0.010260263790413265,fuzzy,state,50
electric kettle,0,10000,0.010260263790413265,fuzzy,state,50
electric kettle,0,10001,0.010260263790413265,fuzzy,state,50
electric kettle,0,50,0.01585649401875069,fuzzy,state,500
electric kettle,0,51,0.0156987192671088,fuzzy,state,500
electric kettle,0,500,0.8571210298738184,fuzzy,state,500
electric kettle,0,501,0.016015854433008247,fuzzy,state,500
electric kettle,0,1000,0.016339396154228473,fuzzy,state,500
electric kettle,0,1001,0.0156987192671088,fuzzy,state,500
electric kettle,0,5000,0.016015854433008247,fuzzy,state,500
electric kettle,0,5001,0.0156987192671088,fuzzy,state,500
electric kettle,0,10000,0.01585649401875069,fuzzy,state,500
electric kettle,0,10001,0.0156987192671088,fuzzy,state,500
electric kettle,0,50,0.015711263951557936,fuzzy,state,1000
electric kettle,0,51,0.015711263951557936,fuzzy,state,1000
electric kettle,0,500,0.015711263951557936,fuzzy,state,1000
electric kettle,0,501,0.015711263951557936,fuzzy,state,1000
electric kettle,0,1000,0.8578059464374908,fuzzy,state,1000
electric kettle,0,1001,0.016028652536893468,fuzzy,state,1000
electric kettle,0,5000,0.016028652536893468,fuzzy,state,1000
electric kettle,0,5001,0.015711263951557936,fuzzy,state,1000
electric kettle,0,10000,0.01586916477937456,fuzzy,state,1000
electric kettle,0,10001,0.015711263951557936,fuzzy,state,1000
electric kettle,0,50,0.015711263951557936,fuzzy,state,5000
electric kettle,0,51,0.015711263951557936,fuzzy,state,5000
electric kettle,0,500,0.015711263951557936,fuzzy,state,5000
electric kettle,0,501,0.015711263951557936,fuzzy,state,5000
electric kettle,0,1000,0.01586916477937456,fuzzy,state,5000
electric kettle,0,1001,0.015711263951557936,fuzzy,state,5000
electric kettle,0,5000,0.8578059464374908,fuzzy,state,5000
electric kettle,0,5001,0.016028652536893468,fuzzy,state,5000
electric kettle,0,10000,0.016028652536893468,fuzzy,state,5000
electric kettle,0,10001,0.015711263951557936,fuzzy,state,5000
electric kettle,0,50,0.014562824269354879,fuzzy,state,10000
electric kettle,0,51,0.014562824269354879,fuzzy,state,10000
electric kettle,0,500,0.014562824269354879,fuzzy,state,10000
electric kettle,0,501,0.014562824269354879,fuzzy,state,10000
electric kettle,0,1000,0.08809995291579406,fuzzy,state,10000
electric kettle,0,1001,0.014562824269354879,fuzzy,state,10000
electric kettle,0,5000,0.014562824269354879,fuzzy,state,10000
electric kettle,0,5001,0.014562824269354879,fuzzy,state,10000
electric kettle,0,10000,0.7951032643645518,fuzzy,state,10000
electric kettle,0,10001,0.014857012834170008,fuzzy,state,10000
laptop,0,50,0.4585996199746355,fuzzy,state,50
laptop,0,51,0.4585996199746355,fuzzy,state,50
laptop,0,500,0.010571667463152896,fuzzy,state,50
laptop,0,501,0.010466477614346012,fuzzy,state,50
laptop,0,1000,0.010466477614346012,fuzzy,state,50
laptop,0,1001,0.010259227471776815,fuzzy,state,50
laptop,0,5000,0.010259227471776815,fuzzy,state,50
laptop,0,5001,0.010259227471776815,fuzzy,state,50
laptop,0,10000,0.010259227471776815,fuzzy,state,50
laptop,0,10001,0.010259227471776815,fuzzy,state,50
laptop,0,50,0.015659265538456472,fuzzy,state,500
laptop,0,51,0.015659265538456472,fuzzy,state,500
laptop,0,500,0.8549669292774917,fuzzy,state,500
laptop,0,501,0.019126270119433235,fuzzy,state,500
laptop,0,1000,0.015975603686168093,fuzzy,state,500
laptop,0,1001,0.015659265538456472,fuzzy,state,500
laptop,0,5000,0.015975603686168093,fuzzy,state,500
laptop,0,5001,0.015659265538456472,fuzzy,state,500
laptop,0,10000,0.015659265538456472,fuzzy,state,500
laptop,0,10001,0.015659265538456472,fuzzy,state,500
laptop,0,50,0.015661755129683597,fuzzy,state,1000
laptop,0,51,0.015661755129683597,fuzzy,state,1000
laptop,0,500,0.015661755129683597,fuzzy,state,1000
laptop,0,501,0.015661755129683597,fuzzy,state,1000
laptop,0,1000,0.8551028563528313,fuzzy,state,1000
laptop,0,1001,0.019129310913024732,fuzzy,state,1000
laptop,0,5000,0.01581915838556824,fuzzy,state,1000
laptop,0,5001,0.015661755129683597,fuzzy,state,1000
laptop,0,10000,0.01597814357047412,fuzzy,state,1000
laptop,0,10001,0.015661755129683597,fuzzy,state,1000
laptop,0,50,0.01570625379066814,fuzzy,state,5000
laptop,0,51,0.01570625379066814,fuzzy,state,5000
laptop,0,500,0.0158641042655307,fuzzy,state,5000
laptop,0,501,0.01570625379066814,fuzzy,state,5000
laptop,0,1000,0.0158641042655307,fuzzy,state,5000
laptop,0,1001,0.01570625379066814,fuzzy,state,5000
laptop,0,5000,0.8575324009215394,fuzzy,state,5000
laptop,0,5001,0.016023541164039947,fuzzy,state,5000
laptop,0,10000,0.016184580430018594,fuzzy,state,5000
laptop,0,10001,0.01570625379066814,fuzzy,state,5000
laptop,0,50,0.014681592930218897,fuzzy,state,10000
laptop,0,51,0.014681592930218897,fuzzy,state,10000
laptop,0,500,0.014681592930218897,fuzzy,state,10000
laptop,0,501,0.014681592930218897,fuzzy,state,10000
laptop,0,1000,0.08036626732677224,fuzzy,state,10000
laptop,0,1001,0.014681592930218897,fuzzy,state,10000
laptop,0,5000,0.014978180781136663,fuzzy,state,10000
laptop,0,5001,0.014681592930218897,fuzzy,state,10000
laptop,0,10000,0.801587813529641,fuzzy,state,10000
laptop,0,10001,0.014978180781136663,fuzzy,state,10000
watch,0,50,0.4586937192988127,fuzzy,state,50
watch,0,51,0.4586937192988127,fuzzy,state,50
watch,0,500,0.01068010547174944,fuzzy,state,50
watch,0,501,0.010364460652886227,fuzzy,state,50
watch,0,1000,0.010261332546289803,fuzzy,state,50
watch,0,1001,0.010261332546289803,fuzzy,state,50
watch,0,5000,0.010261332546289803,fuzzy,state,50
watch,0,5001,0.010261332546289803,fuzzy,state,50
watch,0,10000,0.010261332546289803,fuzzy,state,50
watch,0,10001,0.010261332546289803,fuzzy,state,50
watch,0,50,0.015649264613781286,fuzzy,state,500
watch,0,51,0.015649264613781286,fuzzy,state,500
watch,0,500,0.8544208972916055,fuzzy,state,500
watch,0,501,0.019114054962450805,fuzzy,state,500
watch,0,1000,0.016287923218211244,fuzzy,state,500
watch,0,1001,0.015649264613781286,fuzzy,state,500
watch,0,5000,0.015965400729412958,fuzzy,state,500
watch,0,5001,0.015649264613781286,fuzzy,state,500
watch,0,10000,0.015965400729412958,fuzzy,state,500
watch,0,10001,0.015649264613781286,fuzzy,state,500
watch,0,50,0.01567507683683695,fuzzy,state,1000
watch,0,51,0.01567507683683695,fuzzy,state,1000
watch,0,500,0.015832613978104332,fuzzy,state,1000
watch,0,501,0.015832613978104332,fuzzy,state,1000
watch,0,1000,0.8558301969186878,fuzzy,state,1000
watch,0,1001,0.017497744525718898,fuzzy,state,1000
watch,0,5000,0.01631478885807344,fuzzy,state,1000
watch,0,5001,0.01567507683683695,fuzzy,state,1000
watch,0,10000,0.015991734393963418,fuzzy,state,1000
watch,0,10001,0.01567507683683695,fuzzy,state,1000
watch,0,50,0.015680117542875245,fuzzy,state,5000
watch,0,51,0.015680117542875245,fuzzy,state,5000
watch,0,500,0.015996876929018366,fuzzy,state,5000
watch,0,501,0.015680117542875245,fuzzy,state,5000
watch,0,1000,0.015996876929018366,fuzzy,state,5000
watch,0,1001,0.015680117542875245,fuzzy,state,5000
watch,0,5000,0.8561054101432396,fuzzy,state,5000
watch,0,5001,0.017503371355329075,fuzzy,state,5000
watch,0,10000,0.015996876929018366,fuzzy,state,5000
watch,0,10001,0.015680117542875245,fuzzy,state,5000
watch,0,50,0.014525366887209266,fuzzy,state,10000
watch,0,51,0.014525366887209266,fuzzy,state,10000
watch,0,500,0.014525366887209266,fuzzy,state,10000
watch,0,501,0.014525366887209266,fuzzy,state,10000
watch,0,1000,0.08875649079815538,fuzzy,state,10000
watch,0,1001,0.014525366887209266,fuzzy,state,10000
watch,0,5000,0.01481879876271116,fuzzy,state,10000
watch,0,5001,0.014525366887209266,fuzzy,state,10000
watch,0,10000,0.7930581605943168,fuzzy,state,10000
watch,0,10001,0.01621434852156114,fuzzy,state,10000
electric kettle,0,50,0.3123951884924808,fuzzy,both,50
electric kettle,0,51,0.3123951884924808,fuzzy,both,50
electric kettle,0,500,0.04766841485000932,fuzzy,both,50
electric kettle,0,501,0.0471941061973381,fuzzy,both,50
electric kettle,0,1000,0.046724516994615176,fuzzy,both,50
electric kettle,0,1001,0.046724516994615176,fuzzy,both,50
electric kettle,0,5000,0.046724516994615176,fuzzy,both,50
electric kettle,0,5001,0.046724516994615176,fuzzy,both,50
electric kettle,0,10000,0.046724516994615176,fuzzy,both,50
electric kettle,0,10001,0.046724516994615176,fuzzy,both,50
electric kettle,1,50,0.3122485599401671,fuzzy,both,50
electric kettle,1,51,0.3122485599401671,fuzzy,both,50
electric kettle,1,500,0.047646040783704796,fuzzy,both,50
electric kettle,1,501,0.04717195475671301,fuzzy,both,50
electric kettle,1,1000,0.04717195475671301,fuzzy,both,50
electric kettle,1,1001,0.04670258596450699,fuzzy,both,50
electric kettle,1,5000,0.04670258596450699,fuzzy,both,50
electric kettle,1,5001,0.04670258596450699,fuzzy,both,50
electric kettle,1,10000,0.04670258596450699,fuzzy,both,50
electric kettle,1,10001,0.04670258596450699,fuzzy,both,50
electric kettle,0,50,0.058104001415912154,fuzzy,both,500
electric kettle,0,51,0.0586879563384008,fuzzy,both,500
electric kettle,0,500,0.3884772201408338,fuzzy,both,500
electric kettle,0,501,0.14434907999737384,fuzzy,both,500
electric kettle,0,1000,0.05927778010543009,fuzzy,both,500
electric kettle,0,1001,0.058104001415912154,fuzzy,both,500
electric kettle,0,5000,0.0586879563384008,fuzzy,both,500
electric kettle,0,5001,0.058104001415912154,fuzzy,both,500
electric kettle,0,10000,0.058104001415912154,fuzzy,both,500
electric kettle,0,10001,0.058104001415912154,fuzzy,both,500
electric kettle,1,50,0.05820874202867047,fuzzy,both,500
electric kettle,1,51,0.05820874202867047,fuzzy,both,500
electric kettle,1,500,0.38530512394749716,fuzzy,both,500
electric kettle,1,501,0.1490132979777185,fuzzy,both,500
electric kettle,1,1000,0.058793749611817846,fuzzy,both,500
electric kettle,1,1001,0.05820874202867047,fuzzy,both,500
electric kettle,1,5000,0.058793749611817846,fuzzy,both,500
electric kettle,1,5001,0.057629555368233415,fuzzy,both,500
electric kettle,1,10000,0.05820874202867047,fuzzy,both,500
electric kettle,1,10001,0.057629555368233415,fuzzy,both,500
electric kettle,0,50,0.0636659005996437,fuzzy,both,1000
electric kettle,0,51,0.0636659005996437,fuzzy,both,1000
electric kettle,0,500,0.0636659005996437,fuzzy,both,1000
electric kettle,0,501,0.06372959834380727,fuzzy,both,1000
electric kettle,0,1000,0.4256634909818621,fuzzy,both,1000
electric kettle,0,1001,0.06430575353823414,fuzzy,both,1000
electric kettle,0,5000,0.06430575353823414,fuzzy,both,1000
electric kettle,0,5001,0.0636659005996437,fuzzy,both,1000
electric kettle,0,10000,0.0636659005996437,fuzzy,both,1000
electric kettle,0,10001,0.0636659005996437,fuzzy,both,1000
electric kettle,1,50,0.06354714862403442,fuzzy,both,1000
electric kettle,1,51,0.06354714862403442,fuzzy,both,1000
electric kettle,1,500,0.06354714862403442,fuzzy,both,1000
electric kettle,1,501,0.06354714862403442,fuzzy,both,1000
electric kettle,1,1000,0.4248695278081264,fuzzy,both,1000
electric kettle,1,1001,0.06418580808542843,fuzzy,both,1000
electric kettle,1,5000,0.06483088618111933,fuzzy,both,1000
electric kettle,1,5001,0.06354714862403442,fuzzy,both,1000
electric kettle,1,10000,0.06483088618111933,fuzzy,both,1000
electric kettle,1,10001,0.06354714862403442,fuzzy,both,1000
electric kettle,0,50,0.05783119898416473,fuzzy,both,5000
electric kettle,0,51,0.05783119898416473,fuzzy,both,5000
electric kettle,0,500,0.05841241219663335,fuzzy,both,5000
electric kettle,0,501,0.05783119898416473,fuzzy,both,5000
electric kettle,0,1000,0.05783119898416473,fuzzy,both,5000
electric kettle,0,1001,0.05783119898416473,fuzzy,both,5000
electric kettle,0,5000,0.38665329187857345,fuzzy,both,5000
electric kettle,0,5001,0.14953468982317147,fuzzy,both,5000
electric kettle,0,10000,0.05841241219663335,fuzzy,both,5000
electric kettle,0,10001,0.05783119898416473,fuzzy,both,5000
electric kettle,1,50,0.05825571135823774,fuzzy,both,5000
electric kettle,1,51,0.05825571135823774,fuzzy,both,5000
electric kettle,1,500,0.05825571135823774,fuzzy,both,5000
electric kettle,1,501,0.05825571135823774,fuzzy,both,5000
electric kettle,1,1000,0.05825571135823774,fuzzy,both,5000
electric kettle,1,1001,0.05825571135823774,fuzzy,both,5000
electric kettle,1,5000,0.38949153680106696,fuzzy,both,5000
electric kettle,1,5001,0.1432859288993828,fuzzy,both,5000
electric kettle,1,10000,0.05943255479188604,fuzzy,both,5000
electric kettle,1,10001,0.05825571135823774,fuzzy,both,5000
electric kettle,0,50,0.05179129967069679,fuzzy,both,10000
electric kettle,0,51,0.05179129967069679,fuzzy,both,10000
electric kettle,0,500,0.05179129967069679,fuzzy,both,10000
electric kettle,0,501,0.05179129967069679,fuzzy,both,10000
electric kettle,0,1000,0.12738604180090773,fuzzy,both,10000
electric kettle,0,1001,0.05179129967069679,fuzzy,both,10000
electric kettle,0,5000,0.05179129967069679,fuzzy,both,10000
electric kettle,0,5001,0.05179129967069679,fuzzy,both,10000
electric kettle,0,10000,0.3826888187033071,fuzzy,both,10000
electric kettle,0,10001,0.12738604180090773,fuzzy,both,10000
electric kettle,1,50,0.05179129967069679,fuzzy,both,10000
electric kettle,1,51,0.05179129967069679,fuzzy,both,10000
electric kettle,1,500,0.05179129967069679,fuzzy,both,10000
electric kettle,1,501,0.05179129967069679,fuzzy,both,10000
electric kettle,1,1000,0.12738604180090773,fuzzy,both,10000
electric kettle,1,1001,0.05179129967069679,fuzzy,both,10000
electric kettle,1,5000,0.05179129967069679,fuzzy,both,10000
electric kettle,1,5001,0.05179129967069679,fuzzy,both,10000
electric kettle,1,10000,0.3826888187033071,fuzzy,both,10000
electric kettle,1,10001,0.12738604180090773,fuzzy,both,10000
laptop,0,50,0.31269033623025094,fuzzy,both,50
laptop,0,51,0.31269033623025094,fuzzy,both,50
laptop,0,500,0.047238694699957,fuzzy,both,50
laptop,0,501,0.04676866183422014,fuzzy,both,50
laptop,0,1000,0.04676866183422014,fuzzy,both,50
laptop,0,1001,0.04676866183422014,fuzzy,both,50
laptop,0,5000,0.04676866183422014,fuzzy,both,50
laptop,0,5001,0.04676866183422014,fuzzy,both,50
laptop,0,10000,0.04676866183422014,fuzzy,both,50
laptop,0,10001,0.04676866183422014,fuzzy,both,50
laptop,1,50,0.31254343054592426,fuzzy,both,50
laptop,1,51,0.31254343054592426,fuzzy,both,50
laptop,1,500,0.04721650139249742,fuzzy,both,50
laptop,1,501,0.04721650139249742,fuzzy,both,50
laptop,1,1000,0.046746689353859436,fuzzy,both,50
laptop,1,1001,0.046746689353859436,fuzzy,both,50
laptop,1,5000,0.046746689353859436,fuzzy,both,50
laptop,1,5001,0.046746689353859436,fuzzy,both,50
laptop,1,10000,0.046746689353859436,fuzzy,both,50
laptop,1,10001,0.046746689353859436,fuzzy,both,50
laptop,0,50,0.057744417865601166,fuzzy,both,500
laptop,0,51,0.05832475891332847,fuzzy,both,500
laptop,0,500,0.38607308248027455,fuzzy,both,500
laptop,0,501,0.15081089249946145,fuzzy,both,500
laptop,0,1000,0.057744417865601166,fuzzy,both,500
laptop,0,1001,0.057744417865601166,fuzzy,both,500
laptop,0,5000,0.05832475891332847,fuzzy,both,500
laptop,0,5001,0.057744417865601166,fuzzy,both,500
laptop,0,10000,0.057744417865601166,fuzzy,both,500
laptop,0,10001,0.057744417865601166,fuzzy,both,500
laptop,1,50,0.05816889729176908,fuzzy,both,500
laptop,1,51,0.05816889729176908,fuzzy,both,500
laptop,1,500,0.38891110711655247,fuzzy,both,500
laptop,1,501,0.14451030228408895,fuzzy,both,500
laptop,1,1000,0.05875350442865317,fuzzy,both,500
laptop,1,1001,0.05816889729176908,fuzzy,both,500
laptop,1,5000,0.05875350442865317,fuzzy,both,500
laptop,1,5001,0.05822709528320674,fuzzy,both,500
laptop,1,10000,0.05816889729176908,fuzzy,both,500
laptop,1,10001,0.05816889729176908,fuzzy,both,500
laptop,0,50,0.05829018206185647,fuzzy,both,1000
laptop,0,51,0.05829018206185647,fuzzy,both,1000
laptop,0,500,0.05829018206185647,fuzzy,both,1000
laptop,0,501,0.05829018206185647,fuzzy,both,1000
laptop,0,1000,0.38972200428681286,fuzzy,both,1000
laptop,0,1001,0.1433707131492472,fuzzy,both,1000
laptop,0,5000,0.05829018206185647,fuzzy,both,1000
laptop,0,5001,0.05829018206185647,fuzzy,both,1000
laptop,0,10000,0.0588760081309447,fuzzy,both,1000
laptop,0,10001,0.05829018206185647,fuzzy,both,1000
laptop,1,50,0.06075176347694135,fuzzy,both,1000
laptop,1,51,0.06075176347694135,fuzzy,both,1000
laptop,1,500,0.06075176347694135,fuzzy,both,1000
laptop,1,501,0.06075176347694135,fuzzy,both,1000
laptop,1,1000,0.44889818844008583,fuzzy,both,1000
laptop,1,1001,0.06386657299718103,fuzzy,both,1000
laptop,1,5000,0.061362328850542464,fuzzy,both,1000
laptop,1,5001,0.06075176347694135,fuzzy,both,1000
laptop,1,10000,0.061362328850542464,fuzzy,both,1000
laptop,1,10001,0.06075176347694135,fuzzy,both,1000
laptop,0,50,0.06062727274027176,fuzzy,both,5000
laptop,0,51,0.06062727274027176,fuzzy,both,5000
laptop,0,500,0.06062727274027176,fuzzy,both,5000
laptop,0,501,0.06062727274027176,fuzzy,both,5000
laptop,0,1000,0.06062727274027176,fuzzy,both,5000
laptop,0,1001,0.06062727274027176,fuzzy,both,5000
laptop,0,5000,0.447978319403037,fuzzy,both,5000
laptop,0,5001,0.06700349867478883,fuzzy,both,5000
laptop,0,10000,0.06062727274027176,fuzzy,both,5000
laptop,0,10001,0.06062727274027176,fuzzy,both,5000
laptop,1,50,0.06346237970462489,fuzzy,both,5000
laptop,1,51,0.06346237970462489,fuzzy,both,5000
laptop,1,500,0.06346237970462489,fuzzy,both,5000
laptop,1,501,0.06346237970462489,fuzzy,both,5000
laptop,1,1000,0.06346237970462489,fuzzy,both,5000
laptop,1,1001,0.06346237970462489,fuzzy,both,5000
laptop,1,5000,0.4243027717609682,fuzzy,both,5000
laptop,1,5001,0.06671616549071255,fuzzy,both,5000
laptop,1,10000,0.0647444048159451,fuzzy,both,5000
laptop,1,10001,0.06346237970462489,fuzzy,both,5000
laptop,0,50,0.05596359375273246,fuzzy,both,10000
laptop,0,51,0.05596359375273246,fuzzy,both,10000
laptop,0,500,0.05596359375273246,fuzzy,both,10000
laptop,0,501,0.05596359375273246,fuzzy,both,10000
laptop,0,1000,0.13764822930574439,fuzzy,both,10000
laptop,0,1001,0.05652603722057791,fuzzy,both,10000
laptop,0,5000,0.05596359375273246,fuzzy,both,10000
laptop,0,5001,0.05596359375273246,fuzzy,both,10000
laptop,0,10000,0.413518133736705,fuzzy,both,10000
laptop,0,10001,0.05652603722057791,fuzzy,both,10000
laptop,1,50,0.05829018206185647,fuzzy,both,10000
laptop,1,51,0.05829018206185647,fuzzy,both,10000
laptop,1,500,0.05829018206185647,fuzzy,both,10000
laptop,1,501,0.05829018206185647,fuzzy,both,10000
laptop,1,1000,0.1433707131492472,fuzzy,both,10000
laptop,1,1001,0.05829018206185647,fuzzy,both,10000
laptop,1,5000,0.05829018206185647,fuzzy,both,10000
laptop,1,5001,0.05829018206185647,fuzzy,both,10000
laptop,1,10000,0.38972200428681286,fuzzy,both,10000
laptop,1,10001,0.0588760081309447,fuzzy,both,10000
watch,0,50,0.31254343054592426,fuzzy,both,50
watch,0,51,0.31254343054592426,fuzzy,both,50
watch,0,500,0.04721650139249742,fuzzy,both,50
watch,0,501,0.04721650139249742,fuzzy,both,50
watch,0,1000,0.046746689353859436,fuzzy,both,50
watch,0,1001,0.046746689353859436,fuzzy,both,50
watch,0,5000,0.046746689353859436,fuzzy,both,50
watch,0,5001,0.046746689353859436,fuzzy,both,50
watch,0,10000,0.046746689353859436,fuzzy,both,50
watch,0,10001,0.046746689353859436,fuzzy,both,50
watch,1,50,0.31224855994016715,fuzzy,both,50
watch,1,51,0.31224855994016715,fuzzy,both,50
watch,1,500,0.0476460407837048,fuzzy,both,50
watch,1,501,0.047171954756713014,fuzzy,both,50
watch,1,1000,0.04670258596450701,fuzzy,both,50
watch,1,1001,0.04670258596450701,fuzzy,both,50
watch,1,5000,0.047171954756713014,fuzzy,both,50
watch,1,5001,0.04670258596450701,fuzzy,both,50
watch,1,10000,0.04670258596450701,fuzzy,both,50
watch,1,10001,0.04670258596450701,fuzzy,both,50
watch,0,50,0.05585459441534457,fuzzy,both,500
watch,0,51,0.056415942421637215,fuzzy,both,500
watch,0,500,0.41271273151799964,fuzzy,both,500
watch,0,501,0.13876082749911026,fuzzy,both,500
watch,0,1000,0.05585459441534457,fuzzy,both,500
watch,0,1001,0.05585459441534457,fuzzy,both,500
watch,0,5000,0.056982932069185484,fuzzy,both,500
watch,0,5001,0.05585459441534457,fuzzy,both,500
watch,0,10000,0.05585459441534457,fuzzy,both,500
watch,0,10001,0.05585459441534457,fuzzy,both,500
watch,1,50,0.05815322658563996,fuzzy,both,500
watch,1,51,0.05815322658563996,fuzzy,both,500
watch,1,500,0.3888063344295372,fuzzy,both,500
watch,1,501,0.1430338570338551,fuzzy,both,500
watch,1,1000,0.059327999689549445,fuzzy,both,500
watch,1,1001,0.05815322658563996,fuzzy,both,500
watch,1,5000,0.059327999689549445,fuzzy,both,500
watch,1,5001,0.05815322658563996,fuzzy,both,500
watch,1,10000,0.05873767622930912,fuzzy,both,500
watch,1,10001,0.05815322658563996,fuzzy,both,500
watch,0,50,0.05596359375273246,fuzzy,both,1000
watch,0,51,0.05596359375273246,fuzzy,both,1000
watch,0,500,0.05596359375273246,fuzzy,both,1000
watch,0,501,0.05596359375273246,fuzzy,both,1000
watch,0,1000,0.413518133736705,fuzzy,both,1000
watch,0,1001,0.13764822930574439,fuzzy,both,1000
watch,0,5000,0.05652603722057791,fuzzy,both,1000
watch,0,5001,0.05596359375273246,fuzzy,both,1000
watch,0,10000,0.05652603722057791,fuzzy,both,1000
watch,0,10001,0.05596359375273246,fuzzy,both,1000
watch,1,50,0.05902599943016879,fuzzy,both,1000
watch,1,51,0.05902599943016879,fuzzy,both,1000
watch,1,500,0.05902599943016879,fuzzy,both,1000
watch,1,501,0.05902599943016879,fuzzy,both,1000
watch,1,1000,0.3946416015401448,fuzzy,both,1000
watch,1,1001,0.13136477757701373,fuzzy,both,1000
watch,1,5000,0.060218403715076724,fuzzy,both,1000
watch,1,5001,0.05902599943016879,fuzzy,both,1000
watch,1,10000,0.059619220586751995,fuzzy,both,1000
watch,1,10001,0.05902599943016879,fuzzy,both,1000
watch,0,50,0.058256054146655134,fuzzy,both,5000
watch,0,51,0.058256054146655134,fuzzy,both,5000
watch,0,500,0.058841537224493354,fuzzy,both,5000
watch,0,501,0.058256054146655134,fuzzy,both,5000
watch,0,1000,0.058256054146655134,fuzzy,both,5000
watch,0,1001,0.058256054146655134,fuzzy,both,5000
watch,0,5000,0.3894938286482417,fuzzy,both,5000
watch,0,5001,0.1432867720228407,fuzzy,both,5000
watch,0,10000,0.058841537224493354,fuzzy,both,5000
watch,0,10001,0.058256054146655134,fuzzy,both,5000
watch,1,50,0.05593181910338951,fuzzy,both,5000
watch,1,51,0.05593181910338951,fuzzy,both,5000
watch,1,500,0.05593181910338951,fuzzy,both,5000
watch,1,501,0.05649394323070003,fuzzy,both,5000
watch,1,1000,0.05593181910338951,fuzzy,both,5000
watch,1,1001,0.05593181910338951,fuzzy,both,5000
watch,1,5000,0.41328334907018616,fuzzy,both,5000
watch,1,5001,0.13757007627936457,fuzzy,both,5000
watch,1,10000,0.05706171679941208,fuzzy,both,5000
watch,1,10001,0.05593181910338951,fuzzy,both,5000
watch,0,50,0.05335821283132809,fuzzy,both,10000
watch,0,51,0.05335821283132809,fuzzy,both,10000
watch,0,500,0.05335821283132809,fuzzy,both,10000
watch,0,501,0.05335821283132809,fuzzy,both,10000
watch,0,1000,0.13124002628570924,fuzzy,both,10000
watch,0,1001,0.05335821283132809,fuzzy,both,10000
watch,0,5000,0.05389447178559553,fuzzy,both,10000
watch,0,5001,0.05335821283132809,fuzzy,both,10000
watch,0,10000,0.3567473786189308,fuzzy,both,10000
watch,0,10001,0.13796884632179576,fuzzy,both,10000
watch,1,50,0.058256054146655134,fuzzy,both,10000
watch,1,51,0.058256054146655134,fuzzy,both,10000
watch,1,500,0.058256054146655134,fuzzy,both,10000
watch,1,501,0.058256054146655134,fuzzy,both,10000
watch,1,1000,0.1432867720228407,fuzzy,both,10000
watch,1,1001,0.058841537224493354,fuzzy,both,10000
watch,1,5000,0.058256054146655134,fuzzy,both,10000
watch,1,5001,0.058256054146655134,fuzzy,both,10000
watch,1,10000,0.3894938286482417,fuzzy,both,10000
watch,1,10001,0.058841537224493354,fuzzy,both,10000
electric kettle,0,50,0.23196931668407395,exact,both,50
electric kettle,0,51,0.08533674259065846,exact,both,50
electric kettle,0,500,0.08533674259065846,exact,both,50
electric kettle,0,501,0.08533674259065846,exact,both,50
electric kettle,0,1000,0.08533674259065846,exact,both,50
electric kettle,0,1001,0.08533674259065846,exact,both,50
electric kettle,0,5000,0.08533674259065846,exact,both,50
electric kettle,0,5001,0.08533674259065846,exact,both,50
electric kettle,0,10000,0.08533674259065846,exact,both,50
electric kettle,0,10001,0.08533674259065846,exact,both,50
electric kettle,1,50,0.23196931668407395,exact,both,50
electric kettle,1,51,0.08533674259065846,exact,both,50
electric kettle,1,500,0.08533674259065846,exact,both,50
electric kettle,1,501,0.08533674259065846,exact,both,50
electric kettle,1,1000,0.08533674259065846,exact,both,50
electric kettle,1,1001,0.08533674259065846,exact,both,50
electric kettle,1,5000,0.08533674259065846,exact,both,50
electric kettle,1,5001,0.08533674259065846,exact,both,50
electric kettle,1,10000,0.08533674259065846,exact,both,50
electric kettle,1,10001,0.08533674259065846,exact,both,50
electric kettle,0,50,0.1580395009455709,exact,both,51
electric kettle,0,51,0.21333101229629492,exact,both,51
electric kettle,0,500,0.07848009358809907,exact,both,51
electric kettle,0,501,0.0792688316414406,exact,both,51
electric kettle,0,1000,0.07848009358809907,exact,both,51
electric kettle,0,1001,0.07848009358809907,exact,both,51
electric kettle,0,5000,0.07848009358809907,exact,both,51
electric kettle,0,5001,0.07848009358809907,exact,both,51
electric kettle,0,10000,0.07848009358809907,exact,both,51
electric kettle,0,10001,0.07848009358809907,exact,both,51
electric kettle,1,50,0.1580395009455709,exact,both,51
electric kettle,1,51,0.21333101229629492,exact,both,51
electric kettle,1,500,0.07848009358809907,exact,both,51
electric kettle,1,501,0.0792688316414406,exact,both,51
electric kettle,1,1000,0.07848009358809907,exact,both,51
electric kettle,1,1001,0.07848009358809907,exact,both,51
electric kettle,1,5000,0.07848009358809907,exact,both,51
electric kettle,1,5001,0.07848009358809907,exact,both,51
electric kettle,1,10000,0.07848009358809907,exact,both,51
electric kettle,1,10001,0.07848009358809907,exact,both,51
electric kettle,0,50,0.08533674259065846,exact,both,500
electric kettle,0,51,0.08533674259065846,exact,both,500
electric kettle,0,500,0.23196931668407395,exact,both,500
electric kettle,0,501,0.08533674259065846,exact,both,500
electric kettle,0,1000,0.08533674259065846,exact,both,500
electric kettle,0,1001,0.08533674259065846,exact,both,500
electric kettle,0,5000,0.08533674259065846,exact,both,500
electric kettle,0,5001,0.08533674259065846,exact,both,500
electric kettle,0,10000,0.08533674259065846,exact,both,500
electric kettle,0,10001,0.08533674259065846,exact,both,500
electric kettle,1,50,0.08526361637613958,exact,both,500
electric kettle,1,51,0.08526361637613958,exact,both,500
electric kettle,1,500,0.23177053902396325,exact,both,500
electric kettle,1,501,0.08526361637613958,exact,both,500
electric kettle,1,1000,0.08526361637613958,exact,both,500
electric kettle,1,1001,0.08526361637613958,exact,both,500
electric kettle,1,5000,0.08612052996692017,exact,both,500
electric kettle,1,5001,0.08526361637613958,exact,both,500
electric kettle,1,10000,0.08526361637613958,exact,both,500
electric kettle,1,10001,0.08526361637613958,exact,both,500
electric kettle,0,50,0.07588471174108917,exact,both,501
electric kettle,0,51,0.07588471174108917,exact,both,501
electric kettle,0,500,0.18664627308763124,exact,both,501
electric kettle,0,501,0.20627603298365543,exact,both,501
electric kettle,0,1000,0.07588471174108917,exact,both,501
electric kettle,0,1001,0.07588471174108917,exact,both,501
electric kettle,0,5000,0.07588471174108917,exact,both,501
electric kettle,0,5001,0.07588471174108917,exact,both,501
electric kettle,0,10000,0.07588471174108917,exact,both,501
electric kettle,0,10001,0.07588471174108917,exact,both,501
electric kettle,1,50,0.07587895080879375,exact,both,501
electric kettle,1,51,0.07587895080879375,exact,both,501
electric kettle,1,500,0.18663210348063428,exact,both,501
electric kettle,1,501,0.2062603731460818,exact,both,501
electric kettle,1,1000,0.07587895080879375,exact,both,501
electric kettle,1,1001,0.07587895080879375,exact,both,501
electric kettle,1,5000,0.07587895080879375,exact,both,501
electric kettle,1,5001,0.0759548677117276,exact,both,501
electric kettle,1,10000,0.07587895080879375,exact,both,501
electric kettle,1,10001,0.07587895080879375,exact,both,501
electric kettle,0,50,0.08533674259065846,exact,both,1000
electric kettle,0,51,0.08533674259065846,exact,both,1000
electric kettle,0,500,0.08533674259065846,exact,both,1000
electric kettle,0,501,0.08533674259065846,exact,both,1000
electric kettle,0,1000,0.23196931668407395,exact,both,1000
electric kettle,0,1001,0.08533674259065846,exact,both,1000
electric kettle,0,5000,0.08533674259065846,exact,both,1000
electric kettle,0,5001,0.08533674259065846,exact,both,1000
electric kettle,0,10000,0.08533674259065846,exact,both,1000
electric kettle,0,10001,0.08533674259065846,exact,both,1000
electric kettle,1,50,0.08533674259065846,exact,both,1000
electric kettle,1,51,0.08533674259065846,exact,both,1000
electric kettle,1,500,0.08533674259065846,exact,both,1000
electric kettle,1,501,0.08533674259065846,exact,both,1000
electric kettle,1,1000,0.23196931668407395,exact,both,1000
electric kettle,1,1001,0.08533674259065846,exact,both,1000
electric kettle,1,5000,0.08533674259065846,exact,both,1000
electric kettle,1,5001,0.08533674259065846,exact,both,1000
electric kettle,1,10000,0.08533674259065846,exact,both,1000
electric kettle,1,10001,0.08533674259065846,exact,both,1000
electric kettle,0,50,0.07854204268595266,exact,both,1001
electric kettle,0,51,0.07854204268595266,exact,both,1001
electric kettle,0,500,0.07854204268595266,exact,both,1001
electric kettle,0,501,0.07854204268595266,exact,both,1001
electric kettle,0,1000,0.15816425110909893,exact,both,1001
electric kettle,0,1001,0.21349940740327977,exact,both,1001
electric kettle,0,5000,0.07854204268595266,exact,both,1001
electric kettle,0,5001,0.07854204268595266,exact,both,1001
electric kettle,0,10000,0.07854204268595266,exact,both,1001
electric kettle,0,10001,0.07854204268595266,exact,both,1001
electric kettle,1,50,0.08533674259065846,exact,both,1001
electric kettle,1,51,0.08533674259065846,exact,both,1001
electric kettle,1,500,0.08533674259065846,exact,both,1001
electric kettle,1,501,0.08533674259065846,exact,both,1001
electric kettle,1,1000,0.08533674259065846,exact,both,1001
electric kettle,1,1001,0.23196931668407395,exact,both,1001
electric kettle,1,5000,0.08533674259065846,exact,both,1001
electric kettle,1,5001,0.08533674259065846,exact,both,1001
electric kettle,1,10000,0.08533674259065846,exact,both,1001
electric kettle,1,10001,0.08533674259065846,exact,both,1001
electric kettle,0,50,0.08533674259065846,exact,both,5000
electric kettle,0,51,0.08533674259065846,exact,both,5000
electric kettle,0,500,0.08533674259065846,exact,both,5000
electric kettle,0,501,0.08533674259065846,exact,both,5000
electric kettle,0,1000,0.08533674259065846,exact,both,5000
electric kettle,0,1001,0.08533674259065846,exact,both,5000
electric kettle,0,5000,0.23196931668407395,exact,both,5000
electric kettle,0,5001,0.08533674259065846,exact,both,5000
electric kettle,0,10000,0.08533674259065846,exact,both,5000
electric kettle,0,10001,0.08533674259065846,exact,both,5000
electric kettle,1,50,0.08533674259065846,exact,both,5000
electric kettle,1,51,0.08533674259065846,exact,both,5000
electric kettle,1,500,0.08533674259065846,exact,both,5000
electric kettle,1,501,0.08533674259065846,exact,both,5000
electric kettle,1,1000,0.08533674259065846,exact,both,5000
electric kettle,1,1001,0.08533674259065846,exact,both,5000
electric kettle,1,5000,0.23196931668407395,exact,both,5000
electric kettle,1,5001,0.08533674259065846,exact,both,5000
electric kettle,1,10000,0.08533674259065846,exact,both,5000
electric kettle,1,10001,0.08533674259065846,exact,both,5000
electric kettle,0,50,0.07588471174108917,exact,both,5001
electric kettle,0,51,0.07588471174108917,exact,both,5001
electric kettle,0,500,0.07588471174108917,exact,both,5001
electric kettle,0,501,0.07588471174108917,exact,both,5001
electric kettle,0,1000,0.07588471174108917,exact,both,5001
electric kettle,0,1001,0.07588471174108917,exact,both,5001
electric kettle,0,5000,0.18664627308763124,exact,both,5001
electric kettle,0,5001,0.20627603298365543,exact,both,5001
electric kettle,0,10000,0.07588471174108917,exact,both,5001
electric kettle,0,10001,0.07588471174108917,exact,both,5001
electric kettle,1,50,0.07588471174108917,exact,both,5001
electric kettle,1,51,0.07588471174108917,exact,both,5001
electric kettle,1,500,0.07588471174108917,exact,both,5001
electric kettle,1,501,0.07588471174108917,exact,both,5001
electric kettle,1,1000,0.07588471174108917,exact,both,5001
electric kettle,1,1001,0.07588471174108917,exact,both,5001
electric kettle,1,5000,0.18664627308763124,exact,both,5001
electric kettle,1,5001,0.20627603298365543,exact,both,5001
electric kettle,1,10000,0.07588471174108917,exact,both,5001
electric kettle,1,10001,0.07588471174108917,exact,both,5001
electric kettle,0,50,0.08533674259065846,exact,both,10000
electric kettle,0,51,0.08533674259065846,exact,both,10000
electric kettle,0,500,0.08533674259065846,exact,both,10000
electric kettle,0,501,0.08533674259065846,exact,both,10000
electric kettle,0,1000,0.08533674259065846,exact,both,10000
electric kettle,0,1001,0.08533674259065846,exact,both,10000
electric kettle,0,5000,0.08533674259065846,exact,both,10000
electric kettle,0,5001,0.08533674259065846,exact,both,10000
electric kettle,0,10000,0.23196931668407395,exact,both,10000
electric kettle,0,10001,0.08533674259065846,exact,both,10000
electric kettle,1,50,0.08533674259065846,exact,both,10000
electric kettle,1,51,0.08533674259065846,exact,both,10000
electric kettle,1,500,0.08533674259065846,exact,both,10000
electric kettle,1,501,0.08533674259065846,exact,both,10000
electric kettle,1,1000,0.08533674259065846,exact,both,10000
electric kettle,1,1001,0.08533674259065846,exact,both,10000
electric kettle,1,5000,0.08533674259065846,exact,both,10000
electric kettle,1,5001,0.08533674259065846,exact,both,10000
electric kettle,1,10000,0.23196931668407395,exact,both,10000
electric kettle,1,10001,0.08533674259065846,exact,both,10000
electric kettle,0,50,0.08533674259065846,exact,both,10001
electric kettle,0,51,0.08533674259065846,exact,both,10001
electric kettle,0,500,0.08533674259065846,exact,both,10001
electric kettle,0,501,0.08533674259065846,exact,both,10001
electric kettle,0,1000,0.08533674259065846,exact,both,10001
electric kettle,0,1001,0.08533674259065846,exact,both,10001
electric kettle,0,5000,0.08533674259065846,exact,both,10001
electric kettle,0,5001,0.08533674259065846,exact,both,10001
electric kettle,0,10000,0.08533674259065846,exact,both,10001
electric kettle,0,10001,0.23196931668407395,exact,both,10001
electric kettle,1,50,0.08533674259065846,exact,both,10001
electric kettle,1,51,0.08533674259065846,exact,both,10001
electric kettle,1,500,0.08533674259065846,exact,both,10001
electric kettle,1,501,0.08533674259065846,exact,both,10001
electric kettle,1,1000,0.08533674259065846,exact,both,10001
electric kettle,1,1001,0.08533674259065846,exact,both,10001
electric kettle,1,5000,0.08533674259065846,exact,both,10001
electric kettle,1,5001,0.08533674259065846,exact,both,10001
electric kettle,1,10000,0.08533674259065846,exact,both,10001
electric kettle,1,10001,0.23196931668407395,exact,both,10001
laptop,0,50,0.23196931668407395,exact,both,50
laptop,0,51,0.08533674259065846,exact,both,50
laptop,0,500,0.08533674259065846,exact,both,50
laptop,0,501,0.08533674259065846,exact,both,50
laptop,0,1000,0.08533674259065846,exact,both,50
laptop,0,1001,0.08533674259065846,exact,both,50
laptop,0,5000,0.08533674259065846,exact,both,50
laptop,0,5001,0.08533674259065846,exact,both,50
laptop,0,10000,0.08533674259065846,exact,both,50
laptop,0,10001,0.08533674259065846,exact,both,50
laptop,1,50,0.23196931668407395,exact,both,50
laptop,1,51,0.08533674259065846,exact,both,50
laptop,1,500,0.08533674259065846,exact,both,50
laptop,1,501,0.08533674259065846,exact,both,50
laptop,1,1000,0.08533674259065846,exact,both,50
laptop,1,1001,0.08533674259065846,exact,both,50
laptop,1,5000,0.08533674259065846,exact,both,50
laptop,1,5001,0.08533674259065846,exact,both,50
laptop,1,10000,0.08533674259065846,exact,both,50
laptop,1,10001,0.08533674259065846,exact,both,50
laptop,0,50,0.15816425110909893,exact,both,51
laptop,0,51,0.21349940740327977,exact,both,51
laptop,0,500,0.07854204268595266,exact,both,51
laptop,0,501,0.07854204268595266,exact,both,51
laptop,0,1000,0.07854204268595266,exact,both,51
laptop,0,1001,0.07854204268595266,exact,both,51
laptop,0,5000,0.07854204268595266,exact,both,51
laptop,0,5001,0.07854204268595266,exact,both,51
laptop,0,10000,0.07854204268595266,exact,both,51
laptop,0,10001,0.07854204268595266,exact,both,51
laptop,1,50,0.15816425110909893,exact,both,51
laptop,1,51,0.21349940740327977,exact,both,51
laptop,1,500,0.07854204268595266,exact,both,51
laptop,1,501,0.07854204268595266,exact,both,51
laptop,1,1000,0.07854204268595266,exact,both,51
laptop,1,1001,0.07854204268595266,exact,both,51
laptop,1,5000,0.07854204268595266,exact,both,51
laptop,1,5001,0.07854204268595266,exact,both,51
laptop,1,10000,0.07854204268595266,exact,both,51
laptop,1,10001,0.07854204268595266,exact,both,51
laptop,0,50,0.08533674259065846,exact,both,500
laptop,0,51,0.08533674259065846,exact,both,500
laptop,0,500,0.23196931668407395,exact,both,500
laptop,0,501,0.08533674259065846,exact,both,500
laptop,0,1000,0.08533674259065846,exact,both,500
laptop,0,1001,0.08533674259065846,exact,both,500
laptop,0,5000,0.08533674259065846,exact,both,500
laptop,0,5001,0.08533674259065846,exact,both,500
laptop,0,10000,0.08533674259065846,exact,both,500
laptop,0,10001,0.08533674259065846,exact,both,500
laptop,1,50,0.08533674259065846,exact,both,500
laptop,1,51,0.08533674259065846,exact,both,500
laptop,1,500,0.23196931668407395,exact,both,500
laptop,1,501,0.08533674259065846,exact,both,500
laptop,1,1000,0.08533674259065846,exact,both,500
laptop,1,1001,0.08533674259065846,exact,both,500
laptop,1,5000,0.08533674259065846,exact,both,500
laptop,1,5001,0.08533674259065846,exact,both,500
laptop,1,10000,0.08533674259065846,exact,both,500
laptop,1,10001,0.08533674259065846,exact,both,500
laptop,0,50,0.07588471174108917,exact,both,501
laptop,0,51,0.07588471174108917,exact,both,501
laptop,0,500,0.18664627308763124,exact,both,501
laptop,0,501,0.20627603298365543,exact,both,501
laptop,0,1000,0.07588471174108917,exact,both,501
laptop,0,1001,0.07588471174108917,exact,both,501
laptop,0,5000,0.07588471174108917,exact,both,501
laptop,0,5001,0.07588471174108917,exact,both,501
laptop,0,10000,0.07588471174108917,exact,both,501
laptop,0,10001,0.07588471174108917,exact,both,501
laptop,1,50,0.07588471174108917,exact,both,501
laptop,1,51,0.07588471174108917,exact,both,501
laptop,1,500,0.18664627308763124,exact,both,501
laptop,1,501,0.20627603298365543,exact,both,501
laptop,1,1000,0.07588471174108917,exact,both,501
laptop,1,1001,0.07588471174108917,exact,both,501
laptop,1,5000,0.07588471174108917,exact,both,501
laptop,1,5001,0.07588471174108917,exact,both,501
laptop,1,10000,0.07588471174108917,exact,both,501
laptop,1,10001,0.07588471174108917,exact,both,501
laptop,0,50,0.08533674259065846,exact,both,1000
laptop,0,51,0.08533674259065846,exact,both,1000
laptop,0,500,0.08533674259065846,exact,both,1000
laptop,0,501,0.08533674259065846,exact,both,1000
laptop,0,1000,0.23196931668407395,exact,both,1000
laptop,0,1001,0.08533674259065846,exact,both,1000
laptop,0,5000,0.08533674259065846,exact,both,1000
laptop,0,5001,0.08533674259065846,exact,both,1000
laptop,0,10000,0.08533674259065846,exact,both,1000
laptop,0,10001,0.08533674259065846,exact,both,1000
laptop,1,50,0.08533674259065846,exact,both,1000
laptop,1,51,0.08533674259065846,exact,both,1000
laptop,1,500,0.08533674259065846,exact,both,1000
laptop,1,501,0.08533674259065846,exact,both,1000
laptop,1,1000,0.23196931668407395,exact,both,1000
laptop,1,1001,0.08533674259065846,exact,both,1000
laptop,1,5000,0.08533674259065846,exact,both,1000
laptop,1,5001,0.08533674259065846,exact,both,1000
laptop,1,10000,0.08533674259065846,exact,both,1000
laptop,1,10001,0.08533674259065846,exact,both,1000
laptop,0,50,0.07854204268595266,exact,both,1001
laptop,0,51,0.07854204268595266,exact,both,1001
laptop,0,500,0.07854204268595266,exact,both,1001
laptop,0,501,0.07854204268595266,exact,both,1001
laptop,0,1000,0.15816425110909893,exact,both,1001
laptop,0,1001,0.21349940740327977,exact,both,1001
laptop,0,5000,0.07854204268595266,exact,both,1001
laptop,0,5001,0.07854204268595266,exact,both,1001
laptop,0,10000,0.07854204268595266,exact,both,1001
laptop,0,10001,0.07854204268595266,exact,both,1001
laptop,1,50,0.07854204268595266,exact,both,1001
laptop,1,51,0.07854204268595266,exact,both,1001
laptop,1,500,0.07854204268595266,exact,both,1001
laptop,1,501,0.07854204268595266,exact,both,1001
laptop,1,1000,0.15816425110909893,exact,both,1001
laptop,1,1001,0.21349940740327977,exact,both,1001
laptop,1,5000,0.07854204268595266,exact,both,1001
laptop,1,5001,0.07854204268595266,exact,both,1001
laptop,1,10000,0.07854204268595266,exact,both,1001
laptop,1,10001,0.07854204268595266,exact,both,1001
laptop,0,50,0.08533674259065846,exact,both,5000
laptop,0,51,0.08533674259065846,exact,both,5000
laptop,0,500,0.08533674259065846,exact,both,5000
laptop,0,501,0.08533674259065846,exact,both,5000
laptop,0,1000,0.08533674259065846,exact,both,5000
laptop,0,1001,0.08533674259065846,exact,both,5000
laptop,0,5000,0.23196931668407395,exact,both,5000
laptop,0,5001,0.08533674259065846,exact,both,5000
laptop,0,10000,0.08533674259065846,exact,both,5000
laptop,0,10001,0.08533674259065846,exact,both,5000
laptop,1,50,0.08533674259065846,exact,both,5000
laptop,1,51,0.08533674259065846,exact,both,5000
laptop,1,500,0.08533674259065846,exact,both,5000
laptop,1,501,0.08533674259065846,exact,both,5000
laptop,1,1000,0.08533674259065846,exact,both,5000
laptop,1,1001,0.08533674259065846,exact,both,5000
laptop,1,5000,0.23196931668407395,exact,both,5000
laptop,1,5001,0.08533674259065846,exact,both,5000
laptop,1,10000,0.08533674259065846,exact,both,5000
laptop,1,10001,0.08533674259065846,exact,both,5000
laptop,0,50,0.07725692933047523,exact,both,5001
laptop,0,51,0.07725692933047523,exact,both,5001
laptop,0,500,0.07725692933047523,exact,both,5001
laptop,0,501,0.07725692933047523,exact,both,5001
laptop,0,1000,0.07725692933047523,exact,both,5001
laptop,0,1001,0.07725692933047523,exact,both,5001
laptop,0,5000,0.1719384582346228,exact,both,5001
laptop,0,5001,0.21000610712157544,exact,both,5001
laptop,0,10000,0.07725692933047523,exact,both,5001
laptop,0,10001,0.07725692933047523,exact,both,5001
laptop,1,50,0.07588471174108917,exact,both,5001
laptop,1,51,0.07588471174108917,exact,both,5001
laptop,1,500,0.07588471174108917,exact,both,5001
laptop,1,501,0.07588471174108917,exact,both,5001
laptop,1,1000,0.07588471174108917,exact,both,5001
laptop,1,1001,0.07588471174108917,exact,both,5001
laptop,1,5000,0.18664627308763124,exact,both,5001
laptop,1,5001,0.20627603298365543,exact,both,5001
laptop,1,10000,0.07588471174108917,exact,both,5001
laptop,1,10001,0.07588471174108917,exact,both,5001
laptop,0,50,0.08533674259065846,exact,both,10000
laptop,0,51,0.08533674259065846,exact,both,10000
laptop,0,500,0.08533674259065846,exact,both,10000
laptop,0,501,0.08533674259065846,exact,both,10000
laptop,0,1000,0.08533674259065846,exact,both,10000
laptop,0,1001,0.08533674259065846,exact,both,10000
laptop,0,5000,0.08533674259065846,exact,both,10000
laptop,0,5001,0.08533674259065846,exact,both,10000
laptop,0,10000,0.23196931668407395,exact,both,10000
laptop,0,10001,0.08533674259065846,exact,both,10000
laptop,1,50,0.08533674259065846,exact,both,10000
laptop,1,51,0.08533674259065846,exact,both,10000
laptop,1,500,0.08533674259065846,exact,both,10000
laptop,1,501,0.08533674259065846,exact,both,10000
laptop,1,1000,0.08533674259065846,exact,both,10000
laptop,1,1001,0.08533674259065846,exact,both,10000
laptop,1,5000,0.08533674259065846,exact,both,10000
laptop,1,5001,0.08533674259065846,exact,both,10000
laptop,1,10000,0.23196931668407395,exact,both,10000
laptop,1,10001,0.08533674259065846,exact,both,10000
laptop,0,50,0.07588471174108917,exact,both,10001
laptop,0,51,0.07588471174108917,exact,both,10001
laptop,0,500,0.07588471174108917,exact,both,10001
laptop,0,501,0.07588471174108917,exact,both,10001
laptop,0,1000,0.07588471174108917,exact,both,10001
laptop,0,1001,0.07588471174108917,exact,both,10001
laptop,0,5000,0.07588471174108917,exact,both,10001
laptop,0,5001,0.07588471174108917,exact,both,10001
laptop,0,10000,0.18664627308763124,exact,both,10001
laptop,0,10001,0.20627603298365543,exact,both,10001
laptop,1,50,0.08533674259065846,exact,both,10001
laptop,1,51,0.08533674259065846,exact,both,10001
laptop,1,500,0.08533674259065846,exact,both,10001
laptop,1,501,0.08533674259065846,exact,both,10001
laptop,1,1000,0.08533674259065846,exact,both,10001
laptop,1,1001,0.08533674259065846,exact,both,10001
laptop,1,5000,0.08533674259065846,exact,both,10001
laptop,1,5001,0.08533674259065846,exact,both,10001
laptop,1,10000,0.08533674259065846,exact,both,10001
laptop,1,10001,0.23196931668407395,exact,both,10001
watch,0,50,0.23196931668407395,exact,both,50
watch,0,51,0.08533674259065846,exact,both,50
watch,0,500,0.08533674259065846,exact,both,50
watch,0,501,0.08533674259065846,exact,both,50
watch,0,1000,0.08533674259065846,exact,both,50
watch,0,1001,0.08533674259065846,exact,both,50
watch,0,5000,0.08533674259065846,exact,both,50
watch,0,5001,0.08533674259065846,exact,both,50
watch,0,10000,0.08533674259065846,exact,both,50
watch,0,10001,0.08533674259065846,exact,both,50
watch,1,50,0.23196931668407395,exact,both,50
watch,1,51,0.08533674259065846,exact,both,50
watch,1,500,0.08533674259065846,exact,both,50
watch,1,501,0.08533674259065846,exact,both,50
watch,1,1000,0.08533674259065846,exact,both,50
watch,1,1001,0.08533674259065846,exact,both,50
watch,1,5000,0.08533674259065846,exact,both,50
watch,1,5001,0.08533674259065846,exact,both,50
watch,1,10000,0.08533674259065846,exact,both,50
watch,1,10001,0.08533674259065846,exact,both,50
watch,0,50,0.1719384582346228,exact,both,51
watch,0,51,0.21000610712157544,exact,both,51
watch,0,500,0.07725692933047523,exact,both,51
watch,0,501,0.07725692933047523,exact,both,51
watch,0,1000,0.07725692933047523,exact,both,51
watch,0,1001,0.07725692933047523,exact,both,51
watch,0,5000,0.07725692933047523,exact,both,51
watch,0,5001,0.07725692933047523,exact,both,51
watch,0,10000,0.07725692933047523,exact,both,51
watch,0,10001,0.07725692933047523,exact,both,51
watch,1,50,0.15816425110909893,exact,both,51
watch,1,51,0.21349940740327977,exact,both,51
watch,1,500,0.07854204268595266,exact,both,51
watch,1,501,0.07854204268595266,exact,both,51
watch,1,1000,0.07854204268595266,exact,both,51
watch,1,1001,0.07854204268595266,exact,both,51
watch,1,5000,0.07854204268595266,exact,both,51
watch,1,5001,0.07854204268595266,exact,both,51
watch,1,10000,0.07854204268595266,exact,both,51
watch,1,10001,0.07854204268595266,exact,both,51
watch,0,50,0.08533674259065846,exact,both,500
watch,0,51,0.08533674259065846,exact,both,500
watch,0,500,0.23196931668407395,exact,both,500
watch,0,501,0.08533674259065846,exact,both,500
watch,0,1000,0.08533674259065846,exact,both,500
watch,0,1001,0.08533674259065846,exact,both,500
watch,0,5000,0.08533674259065846,exact,both,500
watch,0,5001,0.08533674259065846,exact,both,500
watch,0,10000,0.08533674259065846,exact,both,500
watch,0,10001,0.08533674259065846,exact,both,500
watch,1,50,0.08726305704482998,exact,both,500
watch,1,51,0.08726305704482998,exact,both,500
watch,1,500,0.2146324865965302,exact,both,500
watch,1,501,0.08726305704482998,exact,both,500
watch,1,1000,0.08726305704482998,exact,both,500
watch,1,1001,0.08726305704482998,exact,both,500
watch,1,5000,0.08726305704482998,exact,both,500
watch,1,5001,0.08726305704482998,exact,both,500
watch,1,10000,0.08726305704482998,exact,both,500
watch,1,10001,0.08726305704482998,exact,both,500
watch,0,50,0.07588471174108917,exact,both,501
watch,0,51,0.07588471174108917,exact,both,501
watch,0,500,0.18664627308763124,exact,both,501
watch,0,501,0.20627603298365543,exact,both,501
watch,0,1000,0.07588471174108917,exact,both,501
watch,0,1001,0.07588471174108917,exact,both,501
watch,0,5000,0.07588471174108917,exact,both,501
watch,0,5001,0.07588471174108917,exact,both,501
watch,0,10000,0.07588471174108917,exact,both,501
watch,0,10001,0.07588471174108917,exact,both,501
watch,1,50,0.07588471174108917,exact,both,501
watch,1,51,0.07588471174108917,exact,both,501
watch,1,500,0.18664627308763124,exact,both,501
watch,1,501,0.20627603298365543,exact,both,501
watch,1,1000,0.07588471174108917,exact,both,501
watch,1,1001,0.07588471174108917,exact,both,501
watch,1,5000,0.07588471174108917,exact,both,501
watch,1,5001,0.07588471174108917,exact,both,501
watch,1,10000,0.07588471174108917,exact,both,501
watch,1,10001,0.07588471174108917,exact,both,501
watch,0,50,0.08533674259065846,exact,both,1000
watch,0,51,0.08533674259065846,exact,both,1000
watch,0,500,0.08533674259065846,exact,both,1000
watch,0,501,0.08533674259065846,exact,both,1000
watch,0,1000,0.23196931668407395,exact,both,1000
watch,0,1001,0.08533674259065846,exact,both,1000
watch,0,5000,0.08533674259065846,exact,both,1000
watch,0,5001,0.08533674259065846,exact,both,1000
watch,0,10000,0.08533674259065846,exact,both,1000
watch,0,10001,0.08533674259065846,exact,both,1000
watch,1,50,0.08533674259065846,exact,both,1000
watch,1,51,0.08533674259065846,exact,both,1000
watch,1,500,0.08533674259065846,exact,both,1000
watch,1,501,0.08533674259065846,exact,both,1000
watch,1,1000,0.23196931668407395,exact,both,1000
watch,1,1001,0.08533674259065846,exact,both,1000
watch,1,5000,0.08533674259065846,exact,both,1000
watch,1,5001,0.08533674259065846,exact,both,1000
watch,1,10000,0.08533674259065846,exact,both,1000
watch,1,10001,0.08533674259065846,exact,both,1000
watch,0,50,0.07854204268595266,exact,both,1001
watch,0,51,0.07854204268595266,exact,both,1001
watch,0,500,0.07854204268595266,exact,both,1001
watch,0,501,0.07854204268595266,exact,both,1001
watch,0,1000,0.15816425110909893,exact,both,1001
watch,0,1001,0.21349940740327977,exact,both,1001
watch,0,5000,0.07854204268595266,exact,both,1001
watch,0,5001,0.07854204268595266,exact,both,1001
watch,0,10000,0.07854204268595266,exact,both,1001
watch,0,10001,0.07854204268595266,exact,both,1001
watch,1,50,0.07854204268595266,exact,both,1001
watch,1,51,0.07854204268595266,exact,both,1001
watch,1,500,0.07854204268595266,exact,both,1001
watch,1,501,0.07854204268595266,exact,both,1001
watch,1,1000,0.15816425110909893,exact,both,1001
watch,1,1001,0.21349940740327977,exact,both,1001
watch,1,5000,0.07854204268595266,exact,both,1001
watch,1,5001,0.07854204268595266,exact,both,1001
watch,1,10000,0.07854204268595266,exact,both,1001
watch,1,10001,0.07854204268595266,exact,both,1001
watch,0,50,0.08533674259065846,exact,both,5000
watch,0,51,0.08533674259065846,exact,both,5000
watch,0,500,0.08533674259065846,exact,both,5000
watch,0,501,0.08533674259065846,exact,both,5000
watch,0,1000,0.08533674259065846,exact,both,5000
watch,0,1001,0.08533674259065846,exact,both,5000
watch,0,5000,0.23196931668407395,exact,both,5000
watch,0,5001,0.08533674259065846,exact,both,5000
watch,0,10000,0.08533674259065846,exact,both,5000
watch,0,10001,0.08533674259065846,exact,both,5000
watch,1,50,0.08533674259065846,exact,both,5000
watch,1,51,0.08533674259065846,exact,both,5000
watch,1,500,0.08533674259065846,exact,both,5000
watch,1,501,0.08533674259065846,exact,both,5000
watch,1,1000,0.08533674259065846,exact,both,5000
watch,1,1001,0.08533674259065846,exact,both,5000
watch,1,5000,0.23196931668407395,exact,both,5000
watch,1,5001,0.08533674259065846,exact,both,5000
watch,1,10000,0.08533674259065846,exact,both,5000
watch,1,10001,0.08533674259065846,exact,both,5000
watch,0,50,0.07725692933047523,exact,both,5001
watch,0,51,0.07725692933047523,exact,both,5001
watch,0,500,0.07725692933047523,exact,both,5001
watch,0,501,0.07725692933047523,exact,both,5001
watch,0,1000,0.07725692933047523,exact,both,5001
watch,0,1001,0.07725692933047523,exact,both,5001
watch,0,5000,0.1719384582346228,exact,both,5001
watch,0,5001,0.21000610712157544,exact,both,5001
watch,0,10000,0.07725692933047523,exact,both,5001
watch,0,10001,0.07725692933047523,exact,both,5001
watch,1,50,0.07588471174108917,exact,both,5001
watch,1,51,0.07588471174108917,exact,both,5001
watch,1,500,0.07588471174108917,exact,both,5001
watch,1,501,0.07588471174108917,exact,both,5001
watch,1,1000,0.07588471174108917,exact,both,5001
watch,1,1001,0.07588471174108917,exact,both,5001
watch,1,5000,0.18664627308763124,exact,both,5001
watch,1,5001,0.20627603298365543,exact,both,5001
watch,1,10000,0.07588471174108917,exact,both,5001
watch,1,10001,0.07588471174108917,exact,both,5001
watch,0,50,0.08533674259065846,exact,both,10000
watch,0,51,0.08533674259065846,exact,both,10000
watch,0,500,0.08533674259065846,exact,both,10000
watch,0,501,0.08533674259065846,exact,both,10000
watch,0,1000,0.08533674259065846,exact,both,10000
watch,0,1001,0.08533674259065846,exact,both,10000
watch,0,5000,0.08533674259065846,exact,both,10000
watch,0,5001,0.08533674259065846,exact,both,10000
watch,0,10000,0.23196931668407395,exact,both,10000
watch,0,10001,0.08533674259065846,exact,both,10000
watch,1,50,0.08533674259065846,exact,both,10000
watch,1,51,0.08533674259065846,exact,both,10000
watch,1,500,0.08533674259065846,exact,both,10000
watch,1,501,0.08533674259065846,exact,both,10000
watch,1,1000,0.08533674259065846,exact,both,10000
watch,1,1001,0.08533674259065846,exact,both,10000
watch,1,5000,0.08533674259065846,exact,both,10000
watch,1,5001,0.08533674259065846,exact,both,10000
watch,1,10000,0.23196931668407395,exact,both,10000
watch,1,10001,0.08533674259065846,exact,both,10000
watch,0,50,0.08533674259065846,exact,both,10001
watch,0,51,0.08533674259065846,exact,both,10001
watch,0,500,0.08533674259065846,exact,both,10001
watch,0,501,0.08533674259065846,exact,both,10001
watch,0,1000,0.08533674259065846,exact,both,10001
watch,0,1001,0.08533674259065846,exact,both,10001
watch,0,5000,0.08533674259065846,exact,both,10001
watch,0,5001,0.08533674259065846,exact,both,10001
watch,0,10000,0.08533674259065846,exact,both,10001
watch,0,10001,0.23196931668407395,exact,both,10001
watch,1,50,0.08533674259065846,exact,both,10001
watch,1,51,0.08533674259065846,exact,both,10001
watch,1,500,0.08533674259065846,exact,both,10001
watch,1,501,0.08533674259065846,exact,both,10001
watch,1,1000,0.08533674259065846,exact,both,10001
watch,1,1001,0.08533674259065846,exact,both,10001
watch,1,5000,0.08533674259065846,exact,both,10001
watch,1,5001,0.08533674259065846,exact,both,10001
watch,1,10000,0.08533674259065846,exact,both,10001
watch,1,10001,0.23196931668407395,exact,both,10001
